{
  "lang":"fr",
  "name":"pipeline",
  "version":"0.0.0",
  "spacy_version":">=3.7.6,<3.8.0",
  "description":"",
  "author":"",
  "email":"",
  "url":"",
  "license":"",
  "spacy_git_version":"319e025",
  "vectors":{
    "width":0,
    "vectors":0,
    "keys":0,
    "name":null,
    "mode":"default"
  },
  "labels":{
    "textcat":[
      "contrat_stage",
      "contrat_apprentissage",
      "travail_temporaire_placement",
      "contrat_travail",
      "contrat_essai_partielle",
      "contrat_determine",
      "contrat_indetermine",
      "tacheronnat",
      "suspension_contrat",
      "convention_collective",
      "reglement_interieur",
      "duree_travail",
      "epose_hebdomadaire",
      "repose_hebdomadaire",
      "conges",
      "voyage_transport",
      "salaire",
      "cautionnement",
      "economat",
      "securite_sante",
      "syndicat_professionnel",
      "delegue_personnel",
      "different_travail",
      "conciliation",
      "travail_femme",
      "refere",
      "arbitrage",
      "greve",
      "inspecteur_travail",
      "commission_consultative",
      "sanction",
      "procedure",
      "contact_avocat",
      "greeting",
      "introduce_self",
      "goodbye",
      "thank_you",
      "chatbot_info",
      "droit_foncier",
      "droit_civil"
    ]
  },
  "pipeline":[
    "textcat"
  ],
  "components":[
    "textcat"
  ],
  "disabled":[

  ]
}