{
  "lang":"fr",
  "name":"pipeline",
  "version":"0.0.0",
  "spacy_version":">=3.7.5,<3.8.0",
  "description":"",
  "author":"",
  "email":"",
  "url":"",
  "license":"",
  "spacy_git_version":"a6d0fc360",
  "vectors":{
    "width":0,
    "vectors":0,
    "keys":0,
    "name":null,
    "mode":"default"
  },
  "labels":{
    "textcat":[
      "disposition_generale",
      "formation_professionnelle",
      "contrat_stage",
      "contrat_apprentissage",
      "travail_temporaire_placement",
      "contrat_travail",
      "contrat_essai_partielle",
      "contrat_determine",
      "contrat_indetermine",
      "tacheronnat",
      "modification",
      "suspension_contrat",
      "Suspension du contrat",
      "chomage_technique",
      "indemnites",
      "licenciement",
      "convention_collective",
      "reglement_interieur",
      "duree_travail",
      "travail_nuit",
      "travail_femme",
      "travail_enfant_adolescent",
      "repose_hebdomadaire",
      "conges",
      "voyage_transport",
      "jour_ferie",
      "salaire",
      "prescription_action",
      "retenue_salaire",
      "cautionnement",
      "economat",
      "oeuvre_sociale",
      "securite_sante",
      "service_social",
      "syndicat_professionnel",
      "delegue_personnel",
      "different_travail",
      "conciliation",
      "assesseur",
      "tribunal_travail",
      "refere",
      "arbitrage",
      "greve",
      "inspecteur_travail",
      "commission_consultative",
      "ouverture_entreprise",
      "registre_employeur",
      "declaration_employe",
      "carte_travail",
      "sanction",
      "disposition_communes",
      "disposition_transitoire",
      "procedure",
      "procedure_penale",
      "action_publique",
      "contact_avocat",
      "greeting",
      "introduce_self",
      "goodbye",
      "thank_you",
      "chatbot_info"
    ]
  },
  "pipeline":[
    "textcat"
  ],
  "components":[
    "textcat"
  ],
  "disabled":[

  ]
}