{
  "lang":"fr",
  "name":"pipeline",
  "version":"0.0.0",
  "spacy_version":">=3.7.6,<3.8.0",
  "description":"",
  "author":"",
  "email":"",
  "url":"",
  "license":"",
  "spacy_git_version":"319e025",
  "vectors":{
    "width":0,
    "vectors":0,
    "keys":0,
    "name":null,
    "mode":"default"
  },
  "labels":{
    "textcat":[
      "disposition_generale",
      "formation_professionnelle",
      "contrat_stage",
      "contrat_apprentissage",
      "travail_temporaire_placement",
      "contrat_travail",
      "contrat_essai_partielle",
      "contrat_determine",
      "contrat_indetermine",
      "tacheronnat",
      "modification",
      "suspension_contrat",
      "Suspension du contrat",
      "chomage_technique",
      "indemnites",
      "licenciement",
      "convention_collective",
      "reglement_interieur",
      "duree_travail",
      "travail_nuit",
      "travail_femme",
      "travail_enfant_adolescent",
      "repose_hebdomadaire",
      "conges",
      "voyage_transport",
      "jour_ferie",
      "salaire",
      "prescription_action",
      "retenue_salaire",
      "cautionnement",
      "economat",
      "oeuvre_sociale",
      "securite_sante",
      "service_social",
      "syndicat_professionnel",
      "delegue_personnel",
      "different_travail",
      "conciliation",
      "assesseur",
      "tribunal_travail",
      "refere",
      "arbitrage",
      "greve",
      "inspecteur_travail",
      "commission_consultative",
      "ouverture_entreprise",
      "registre_employeur",
      "declaration_employe",
      "carte_travail",
      "sanction",
      "disposition_communes",
      "disposition_transitoire",
      "procedure_plainte",
      "procedure_piece_justice",
      "procedure_modification_nom",
      "procedure_succession_testament",
      "procedure_succession_loi",
      "procedure_visite_detenu",
      "procedure_visa_burkina",
      "procedure_arme_civile",
      "procedure_passeport_ordinaire",
      "procedure_cnib",
      "procedure_entreprise_physique",
      "nan",
      "procedure_entreprise_morale",
      "procedure_examen_permis",
      "procedure_casier_judiciaire",
      "procedure_certificat_nationalite",
      "procedure_mariage_civil",
      "procedure_mention_mariage",
      "procedure_livret_famille",
      "procedure_extrait_acte_mariage",
      "procedure_extrait_acte_naissance",
      "procedure_certificat_reconnaissance_enfant_na\u00eetre",
      "procedure_declaration_naissance",
      "procedure_certificat_non_separation",
      "procedure_certificat_vie_entretien",
      "procedure_certificat_vie_adultes",
      "procedure_declaration_deces",
      "procedure_inhumation_domicile",
      "procedure_certificat_non_inscription",
      "procedure_certificat_vie_procuration",
      "procedure_legalisation_document",
      "procedure_ouverture_debit_boissons",
      "procedure_occupation_salles_classe",
      "procedure_prise_en_charge_psychologique",
      "procedure_certificat_residence",
      "procedure_demande_terrain_autre_usage",
      "procedure_occupation_provisoire_domaine_pubblique",
      "procedure_terrain_culte",
      "procedure_occupation_espace_vert",
      "procedure_agrement_parking",
      "procedure_autorisation_manifestation",
      "procedure_panneaux_pub",
      "histoire_barreau",
      "procedure_penale",
      "action_publique"
    ]
  },
  "pipeline":[
    "textcat"
  ],
  "components":[
    "textcat"
  ],
  "disabled":[

  ]
}